{
    "avg_prec": 0.5207302376684232,
    "roc_auc": 0.9617768198211657
}